filename,title,publisher,document_date,retrieved_date,source,service_area
Water Bylaw 2010.pdf,"Water By-law, 2010 (consolidated as at 20 July 2018)",City of Cape Town,20/07/2018,27/09/2026,"Open By-laws (openbylaws.org.za), printed to PDF",Water and Sanitation
Water By-law _summary_guideline_ A5.pdf,Water By-law Summary Guideline (2010 By-law and 2018 Amendment),City of Cape Town,2018,27/09/2026,"Document Centre - searched ""water by-law summary""",Water and Sanitation
Water_and_Sanitation_Services_Policy.pdf,Water and Sanitation Services Policy,City of Cape Town,29/03/2023,27/09/2026,"Document Centre - searched ""water and sanitation services policy""",Water and Sanitation
Service Guidelines and Standards_for_Water_and_Sanitation_CCT (Vers 3 2).pdf,"Service Guidelines and Standards for Water and Sanitation, Version 3.3",City of Cape Town,20/06/2019,27/09/2026,"Document Centre - searched ""service standards""",Water and Sanitation
L3-WaterSanitationRestrictionTariffs.pdf,"Water and Sanitation Restriction Tariffs, Level 3 (2026/27)",City of Cape Town,01/07/2026,27/09/2026,"Document Centre - searched ""water sanitation restriction tariffs""",Water and Sanitation
Water restrictions summary table - Comparison of all levels.pdf,Water Restrictions Summary Table - Comparison of All Levels,City of Cape Town,06/04/2020,27/09/2026,"Document Centre - searched ""water restrictions""",Water and Sanitation
Electricity Supply By-law.pdf,"Electricity Supply By-law, 2010",City of Cape Town,16/04/2010,27/09/2026,"Document Centre - searched ""electricity supply by-law""",Electricity
Electricity Consumptive Tariffs.pdf,Electricity Consumptive Tariffs 2026/27 (with 2025/26 comparison),City of Cape Town,2026-06,27/09/2026,"Document Centre - searched ""electricity tariffs""",Electricity
Understanding-residential-electricity-tariffs.pdf,Understanding Residential Electricity Tariffs in Cape Town 2026/27,City of Cape Town,01/07/2026,27/09/2026,"Document Centre - searched ""residential electricity tariffs""",Electricity
Integrated Waste Management By-law 2009.pdf,"Integrated Waste Management By-law, 2009",City of Cape Town,21/08/2009,27/09/2026,"Document Centre - searched ""integrated waste management""",Waste
City of Cape Town_ Stormwater Management By-law.pdf,"Stormwater Management By-law, 2005",City of Cape Town,23/09/2005,27/09/2026,SAFLII (saflii.org/za/legis/bylaws/coctsmb444) - printed to PDF; the City's own PDF is a scan with no text layer,Urban Mobility
Guide_to_Reporting_a_pothole.pdf,Guide to Reporting a Pothole,City of Cape Town,VERIFY,27/09/2026,"Document Centre - searched ""reporting a pothole""",Urban Mobility
Guide_to_Reporting_a_Blocked_Stormwater_Drain.pdf,Guide to Reporting a Blocked Stormwater Drain,City of Cape Town,VERIFY,27/09/2026,"Document Centre - searched ""blocked stormwater drain""",Urban Mobility
Guid_to_Reporting_Faulty_Traffic_Lights.pdf,Guide to Reporting Faulty Traffic Lights,City of Cape Town,VERIFY,27/09/2026,"Document Centre - searched ""faulty traffic lights""",Urban Mobility
Budget-2026-27_Ann04.pdf,"Budget 2026/27 Annexure 4: Revised Consumptive Tariffs, Rates and Charges",City of Cape Town,2026-06,27/09/2026,"Document Centre - searched ""budget 2026 annexure""",Cross-cutting
Budget-2026-27_Ann18.pdf,Budget 2026/27 Annexure 18: Schedule of Service Delivery Standards,City of Cape Town,2026-06,27/09/2026,"Document Centre - searched ""service standards""",Cross-cutting
Service_Request_Reporting_Guide.pdf,Service Request Reporting Guide,City of Cape Town,29/11/2024,27/09/2026,"Document Centre - searched ""service request reporting""",Cross-cutting
